id	label
1006567084833329152	0
948268958054080512	1
1386191114	0
942069796765683713	0
942151866380582912	0
1006567019406331904	0
494023910434672641	1
899378115205632001	1
494023475989082112	0
899664727089041409	0
903580745431748609	1
1070775891486109696	0
903586223985479680	1
903581479522799616	1
1006567042189746176	0
850355506787037184	0
942156319297073152	0
903583421544284160	1
899098421507878913	1
959818974723702785	1
942787853200842757	0
903583212512976896	1
1390030216	0
850357225646370816	0
942438594433638400	0
1748422654	0
899621391007457280	1
1069488566777012225	0
903584639251615744	1
959839427479482368	1
942062793225797632	0
1070761791683223553	1
946893879344852994	1
1069587836318306304	0
899401779510685698	0
959831334288945154	0
942217792627138561	0
1070753943645552640	0
1006567039362727936	0
494025897943396356	0
959823647891427328	1
1640136649	0
1104680554	1
1006567121202155520	0
959850628674736130	1
1070726825767247873	0
1847404705	0
1498122809	0
1006567014956011521	0
942248821668560896	0
1070158831248961537	1
1593368722	0
943316176825999360	0
942165736373530631	0
1006567102818455552	0
948257294785175552	0
1006567115585974278	0
899654573383598080	1
1315380799	0
1236865896	0
1564786390	0
959825088697765889	1
850357910022623233	0
903584488944521216	0
1069085862766333954	1
943320045274521600	0
942778699493101569	1
959822900789424134	1
1069561587533516805	1
898970754573680640	1
494022855978270720	0
899666380072431616	1
942829513309872139	0
1006567125593591808	0
850355265841098753	0
494025801189564416	1
494024540578914304	0
903577795200245764	1
903580752671117312	1
494025770902097920	0
1475733364	0
1006567127896219654	0
494027220953092096	0
943320966331068416	0
494025569101553665	0
1070941320758378496	0
1070791285533855744	0
903587055976009728	1
1070716229839699975	1
1069846010388733952	1
903582842260779008	1
903579997159526401	1
903584475711512576	0
850354616667688963	0
1369899756	0
1069052110027730945	0
850355121301147648	0
1006567099802632192	0
494022904183803904	0
959804243065503749	1
1069830790492483586	1
494026784745488384	0
1069193513009537024	1
1006567115736772608	0
899108615478444032	0
942681288091238401	0
1070814590026608642	0
899121477005475840	1
899301731053514753	0
1503011420	0
1006567047084625920	0
1070794433732509696	1
850356928853180416	0
1694683947	0
1006567036976353281	0
959832153314832384	0
494025436163477504	0
1889138291	0
1006567005166678016	0
494024496219967489	0
494026776746917888	1
1070937893231910917	1
903583068988035072	1
1069115142217105408	1
959837327723032576	1
850356595611533312	0
943316884987969536	0
903581182859857920	0
850357612067651585	0
1219546213	0
1232987513	0
494022067969597440	0
942832315344056320	1
942097444707422208	0
1006567075018608642	0
903586683106586624	0
850353041656229888	0
898972184022069248	1
1576141082	0
899388726001848322	0
899260858701840385	1
903583573973852160	0
1070700161930838016	0
1583054556	0
903583083596840960	0
850354632085962754	0
494026984901861376	0
1377831326	0
946588761865048064	0
942487604968144896	0
1006566967602532354	0
1069110975364833281	1
903585588753948672	1
1069087823813320709	1
1006567090613080064	0
1070703677147701250	1
1006567059344510976	1
899207412850282496	1
1698638155	0
1603665957	0
850355390353215488	0
942393984026071040	0
850354674913878016	1
850357105622220800	1
494023641605361664	1
898701201713147904	0
903585213153935361	1
942766542567112705	0
942065134813446144	0
850355926708211712	0
899682944591245314	1
850357766418026499	0
942231735722442752	0
1392540154	0
903578025048059904	1
1611564189	0
1070965856069476352	1
942786074295853057	0
850353925534478336	0
1404582935	0
1846442718	0
850353691634929669	0
494026779430895616	0
903580912872558593	0
1070706527605022720	1
850353044860612610	0
942596911672029184	0
942736824115564546	0
850357025351643138	0
959828935159812096	0
494022303731421184	0
850355219368103936	0
1069817902990159872	1
1006567098406055936	0
899709407252099072	1
903581680295976960	1
942448465891663872	0
1248590382	0
959829368041299968	1
959827720061571072	1
1006566967421964288	0
1069570645028007943	1
850352386338107395	0
899298839756062721	0
943233690993229824	0
494026520793726976	1
1006567100394147841	0
903586474821595137	0
943317860939718657	1
1006567029527072768	0
1069157090378346496	1
1070769849343721472	1
850353033376665600	0
1071060944963424257	1
959850306896105480	0
1070365911004180480	0
494023662040006656	1
1070741686932762624	1
903587474164867072	0
959823479221686273	0
1489789836	0
959837672075218945	1
1070811646443040770	1
899623276183519237	1
942068170264891393	1
1859717955	0
1070724639851233280	1
850353888721088512	0
899100365513269248	0
1006566900237848577	0
1070945347135004672	0
943328947818942464	1
1070446559005835264	1
942141781390618625	0
1070725021822345221	1
1069913950832144385	1
898708169056174080	1
1006567052965023745	0
494023451569823744	1
942175008704614401	1
1006566986057437186	0
1071062773935808513	0
959824734803431424	1
899627397917675520	1
494026592860250112	1
1070395253222338560	0
899037599515455488	1
1070855413086777344	1
903585682764963840	1
943237120856154113	0
494024313620922368	0
1070738903173398528	0
1069457070989213696	0
899407171019997184	1
942536095400685568	0
903582880260960256	0
903574132855644160	1
850356661877440512	0
850358399166545921	0
494025259952373760	0
942825992611139585	1
494026501441212416	0
903581371872018432	0
1006566983519830022	0
943307744236507137	0
494020443846623233	1
959841089153916928	0
1070295148813139969	1
1070970977176219649	0
899676251694268419	1
850353743287767040	0
1411857880	0
850355555965313024	0
903582916051165186	1
494020556967387136	1
903580744202772481	1
494025176128815105	1
903585857290063872	1
1006567063060697089	0
942069657049157632	0
1070770154693386243	0
1421967569	0
903578199568904192	1
1070812130293833728	1
850354447091892224	0
959831419542437888	0
850355930122395655	0
1248720598	0
942724819031904256	0
494024898084212737	0
943166337052037121	0
850353497006632964	0
850356175275216896	0
903580336021540865	1
1245535884	0
959830616350056453	0
1070973690664443904	0
1069910040784457729	0
903580409191178240	1
1006567076004290562	0
1006567115938201600	0
1070245760514564096	0
903582355251757057	1
903578261325844480	0
903578012704231424	1
959805253968314370	1
850354475332227072	0
942827051148460032	1
1483349061	0
1070946650942726144	0
903574692811997184	1
1006567112935133184	0
1069105104131784704	0
899154803028357120	0
942159797134282754	0
1411956786	0
1069555848656109569	1
903577948900515841	1
899064108057858048	1
903584708990205952	1
1070701901623320578	1
1006567117049786369	0
946786031495413760	1
1006566970454618113	0
1534899321	0
494025710818717696	0
850356303948115969	1
899310038849921025	0
899101610210721793	1
899359180833816576	0
1070817178272710656	1
1070970038805561345	0
1339921418	0
903584292558614529	1
903582973265629184	1
898982842201452545	1
494027377828462592	0
1070141287129473024	0
899292773467271169	0
959834218615492609	0
1069815767414108162	0
899007124050591744	1
1006567114990391297	0
1006567067338792960	0
899360185440808960	1
899627500933926912	1
1070785824390701056	1
1070831591923032064	0
1070796485690834950	0
959825859115876352	1
903585742072492032	0
942116902188535808	0
1336145429	0
1006567062930710535	0
942618326588518400	0
959805064515932160	1
903584048592949249	0
1070732168828203008	1
1069342160510545921	0
494023722953867264	0
1070793543499898880	0
898952055167037441	0
1237088446	0
850355833196118016	0
903585306028503043	0
1069165449974358017	0
943382829953556480	0
959823480840773633	1
959841538200125440	1
1006566970278359041	0
898686854949556226	1
943336438568861696	0
1069935001502916609	1
850356534240563201	0
903581066492907520	1
1070169134757928960	0
1071021533253001218	1
850355805689966592	0
850356932770705408	0
959839199389036546	0
1006567047176781824	0
1249797590	0
494022419904868352	0
1070861458517442562	0
1378334554	0
1070248279089139712	1
850353991254933508	0
942092401761570816	1
494022203084931072	1
1069674560847368193	0
494026123098226688	1
850355230332133376	0
959815511629553664	1
1006567072107847680	0
494025187214778368	0
1070349363678011392	0
942417452188782593	1
903577824241561600	1
959836988168863744	1
850353943821656064	0
850355620884688896	0
899357366193446913	0
1070718543853969408	0
903584417171603457	0
1070715710668718080	1
850352250270752770	0
942632034907840512	0
1541234999	0
942799118501646336	0
903583195765112832	1
948708104727916544	1
1700044792	0
1070145251715756033	0
1505334220	0
494026023810265088	1
1223275771	0
494023500038819840	1
899161431022592000	1
959823349714178050	0
899694198605197312	1
943166611149684736	1
903585310038216704	0
1461697991	0
947194877657387008	0
850356623319212032	0
959824441067876357	1
1070538539421491200	1
850353102821752832	0
494026653103042560	0
1070709745101737984	0
494024080711225344	0
899429562509139968	1
959818911641407489	1
1470957345	0
942871631256571904	0
494024481762201600	1
1543896820	0
1006567096258613257	0
1006567069016444928	0
942283141389021185	0
1006567111093817344	0
1070946693313630209	0
1402035952	0
943315055134887937	0
494026311417860098	1
1736741724	0
959845642691493888	1
850353464874020865	0
1652677274	0
1006567093662375936	0
1070764394257227783	0
494026593267105792	0
959816657156956163	1
850356796552294401	0
942743083569111040	0
1006567115862827008	0
494025108881543168	0
1070150594524983296	1
494020330936336385	1
1070709148768223234	0
899290008636588037	1
942469510111678464	1
942759381623541761	0
1069168992248573957	0
959815616285814784	0
1006567047319306241	0
1069961433327300610	0
1222417520	0
1069166032848396288	0
959845505022025728	1
850355362226200579	0
899522946145726465	1
903586580551618561	0
1536043995	0
943316620335869953	0
1316755638	0
903584629525008385	1
942850208798527488	0
1071052262154428417	1
1408777592	0
959817372956856320	0
959839953529331712	1
1070748507852685315	0
899329719233118208	1
1070741699926872064	1
899101175747936256	0
1006567124071043072	0
899344066621657090	1
494024599911137282	1
1248783975	0
1070762468572585984	1
943310753637027841	1
1099881858	0
903574640609550336	1
1399483121	0
850356480012423168	0
899097719213608960	1
899269516206714880	1
959831724627722240	0
850353878591832064	0
943184313604067331	0
899045653698945024	1
1070747450720350208	0
494023633288052739	0
903581999570403328	1
1006567039975247872	0
942466321547177984	0
942091419715555329	0
903585257814884352	1
959825940099592192	0
1070741793485045760	0
899240893466763264	1
959826903917096960	0
903580584236154880	1
1070706961530937345	0
899437547054444544	0
1069795700333010944	1
959826092415684609	1
1401224959	0
959839055327440898	1
850355792423395328	0
899409061648764929	0
494026416997281793	0
942063068808392704	0
1070539815110664193	0
1006567075920269312	0
494027134990811136	0
903577809720770560	0
959816227773472768	1
1006567072824950784	0
850356993516818434	0
1069949489434292226	0
899100712713555972	1
899101004490321921	0
494025845078777856	0
850353065949638657	0
903586052639772672	1
899590028707364864	0
1345379464	0
942157977749999617	0
959848137794797570	1
1069842237289156608	0
1070295315247378432	1
959840542065676288	1
1006567022296272896	0
903587032227774464	1
1895547241	0
1069909437953896454	1
494023584558227456	0
942292633073868802	0
1006567070488825857	0
1702488477	0
1006567027664879616	0
942435830475436038	0
959822700222013441	0
959816635577139200	0
850358057196498945	0
903581229211111428	0
942842949729075201	0
850361604948598785	0
850356857860476928	0
903585395824320512	1
1070859462892752896	0
942831286493876225	0
1069212913515270150	0
850352791616880640	0
1714898053	0
494026954262454272	0
942101080913170433	0
1006567119935496192	0
1006567085093326849	0
899390997288955904	1
1070832779791884288	0
942882519531192320	0
942106077704974336	1
899241013562232834	1
1070703049264521216	1
942655293166514176	0
903584773284782080	0
903580938684293121	0
494027020096270336	0
1070761327491252225	1
1006566984404914178	0
1070793652715302913	0
1070793677398786050	1
1406224888	0
1070941350323982336	0
959826146392240130	1
959804337051414529	0
942106317887606786	0
850355708176584704	0
850355613863469057	0
1006567076109025280	0
1070770126771970048	1
899637773346500608	1
1069122343610462210	0
959831627173171206	0
1528093680	1
1411987457	0
1070140805946490880	0
850353472444788743	0
494027309926875136	1
959848271001870338	1
1717200215	0
1460289657	0
850354066094010372	0
494023531873968128	0
1070724657135972353	0
903581991194562563	1
850353798757335041	0
1845489063	0
1466052365	0
1405098057	0
903577971537170432	1
1070966874358337536	1
1006567060946804737	0
942455643839090688	0
942607907165822977	0
1070780154266443778	1
1069127800169197568	0
959830255988068354	1
903587019653345280	0
903584375698280449	0
1006567059222941697	0
1350788569	0
903578118367186945	1
850355518568886273	0
1006567118094073856	0
903582461912899584	1
850355477791862786	0
494027249801125890	0
899098535156744192	1
903582578476810241	0
1069567808768401408	1
899591298021298176	0
942103281945456641	0
898941721370914817	0
899398578363404289	0
494022510930046976	1
903580876725944320	1
1006567119780114435	0
903581871514275841	0
943207215934201857	1
850358392187002880	0
959832532828090368	1
1069088353105182720	1
1070707716568571904	0
899082010496573441	1
959849817815035904	0
1070759027137744901	1
899007484735754241	1
959836072430665728	0
1735330876	0
903581023413440512	1
942125587342258176	0
1006566902980841475	0
1069547350891188224	1
1006567088234754048	0
903583557863518209	1
1070813495719944192	0
942091470504366080	0
850355884907692033	1
903583214727561217	1
942508318550999040	0
942776748487430144	0
1069833545391067136	0
1070040812438773760	0
1069901692139782144	1
899608445355274240	0
942332822320271360	0
1069227683374985216	1
1070738068229902336	0
1070709558652342272	1
942105531644370946	0
959838662358962177	1
850352547575582724	0
1070570063277756417	1
494026125417660416	0
942155765376344064	0
1248571423	0
494023098849435648	0
850354539689594880	0
850353395818954752	0
1751894752	0
1731645121	0
1396882636	0
1069500649325219841	0
899479976902357006	1
850354013899939844	0
942192489431146499	0
850355743790419968	0
959826336129921024	0
494025826221174784	1
1006567127439036417	0
942771455158341632	1
959842879752626176	1
903586403254140928	0
1006567056035151872	0
959826581987377153	0
850352980842958848	0
1006566908177641473	0
1006567065283592192	0
959833730612330497	0
850354735332896768	0
959803978849640449	1
1070773666156371968	1
1070747325482586112	1
959845335194587136	1
1006567019494326272	0
1006566975118761984	0
1070768827552727041	0
959827907639115776	1
1069504430620344321	1
1070740160734744576	1
1006567039073509376	0
1070554363192463360	0
494023968186433536	0
1006567123542577153	0
959804295515398144	1
903578816500690945	1
1069477461635842048	0
959817731804721152	0
903574202887929856	1
1620173976	0
850358633246453762	0
1070802838685736964	0
1070779944257642496	1
1070028579407155200	0
942865372256047104	0
850354368591396864	0
946782207003082757	0
850355741491855361	0
959839163108478976	0
1069908562283905024	1
959832462112317440	0
1006567091711987713	0
1441540910	0
1070703484000002049	1
959813681080078337	1
903579965635092480	1
850357891286663168	0
1070975085933023232	1
1006567043527831552	0
903581457691619328	1
899083677866577920	0
943218644309463040	1
1070698395205951488	1
903587358712442881	1
898965225290051585	0
850353927791005696	0
494025853660307456	0
1069873501593423872	0
903583536162250752	0
1762295599	0
1006566985352843271	0
899217011313709056	0
898936644274757632	1
959816899998683138	0
494026829275992064	0
1006567068936916992	0
942889415327625216	0
942236875426803712	0
899221933052624896	1
1006567004126380032	0
1604324913	0
494025634931560448	0
903587512643354625	0
494024093675814912	1
494025699897147392	0
899409295430864897	1
494027050148462592	1
1302480191	0
942415682502787072	0
1069146927760060416	1
903581866959282176	0
1006567079577837568	0
1006567073349361665	0
1895429893	0
959814759452377088	1
1070936809826213888	1
1468818319	0
898688464832614400	1
1006567080852885509	0
494022235016142848	0
1766466752	0
1225857214	0
903581692165849088	0
1303480086	0
1070755011423027200	1
959818853235789824	1
1006566973210333184	0
899288145686126596	1
1006567004126568448	0
1069597101573648384	1
1069559988102676480	0
942113303488225280	0
903580010006671360	1
899357962690412545	0
850357876166189057	0
959836426631372802	0
1070727065937285121	0
942152368858320902	0
1070231747990679552	0
959841542017077249	1
942099667252383745	0
942328567987400704	0
1070740475655700480	1
1249908579	0
850353183339761668	0
959837198341296128	1
494022402292981761	1
903578596505247745	0
1006566974485344257	0
942095714800238592	0
494025586525089793	1
1070187577259388928	1
1070224403038957568	0
1006567067229868032	0
850357645089406976	0
1006567119578943488	0
942444208136314881	0
850356141423038466	0
1070975147564326912	0
1071023631784906752	1
959824156979355653	1
1070875512531234823	1
494026233706188800	0
850354173493346308	0
494026390346665984	0
850356122867380224	0
899712608667918336	0
1006567125438193664	0
1069813528217952258	1
1070808898360303616	0
899088740546564097	0
1069458981637287936	1
494024998105784320	0
1006567078667661312	0
850354138579861504	0
903580686581460992	1
850356747625791489	0
899292779393695744	0
899437511889571845	0
959825315290845186	0
1404673478	0
1006567068861333504	0
942235154545872901	0
942853510353190912	1
898977091840077824	0
1401691551	0
903583117113425920	1
959831903246405638	1
494023317754351616	1
959845283290079232	1
899489779024248832	1
898937053781544960	1
1070800472360042497	0
1006566965899616257	0
959828499757400064	0
903583700398505984	0
1070503011443707905	0
942824814372200448	0
899358215674236929	0
850355215123525632	0
942178954865201152	0
903584027671744512	1
1475811031	0
494025790045310976	0
1248545092	0
903584497823866880	0
850357972660215808	1
899343835742052352	1
959840434796277760	0
1070799329596764167	0
942160897761529857	0
1006566974573481985	0
1859674539	0
1071063038105657345	1
942823159690092551	0
959831103795335168	0
899239429772111872	1
1070703900297191425	0
898708030874804224	0
899232887698055170	1
1069476533167747073	0
959839300631322624	0
899666888510386176	0
942539059972509696	0
942091590100815873	0
850358338009395200	0
959842524004343810	0
1006567039010422784	0
850355839957422080	0
942765901157490691	1
942424954980720641	0
899030423438729216	1
1069450945866547200	0
494026733763715072	1
1069267499873693697	0
903577942034403328	0
1070753820815355905	1
899103887780655105	1
899096815966056448	1
850352914807783424	0
903587205779742720	1
1070697411243315200	1
903582186858700800	0
899114598309253120	1
903587142882000897	1
903582206119030786	0
942412738688626689	0
1070233713072463877	0
899085959261810688	0
1496678128	0
898936745567199232	1
1006567126080151554	0
494023503977250817	1
850358414748381184	0
1093771552	0
1070974702418649089	1
942825597369245696	0
903577651658543105	0
850355208009818112	0
1070860617278476288	0
850356016516648960	0
1773192915	0
903582740875902976	1
1006567027543142401	0
903585020060848129	0
903578546110640128	1
1692688860	0
850352362325778432	0
1070796859218644992	0
1006567074553090048	0
1006567088008454144	0
1069472058604687360	1
959814765995421696	1
1071061911641436167	1
942403700529778689	0
1070975478868140032	0
1399649224	0
850357154737467394	0
959837536486023168	1
1006567048917536768	0
1006567081997996033	0
850355684311015424	1
1630939854	0
942271538258219008	0
959818786697306119	0
942102348457021440	0
903584234077650945	0
903582566959251456	0
1006566982613979136	0
1069169530390364160	0
1241454455	0
903578457681969154	1
1006567019897073666	0
494026169080356864	0
1070860444540133376	1
1069611941465870341	0
850353589671399427	0
850356148825968641	0
494026010896400384	1
1336324582	0
1006567084132888576	0
1070715737415827457	1
959819016176009223	1
850356578771456000	0
850356403093032960	0
1300182451	0
898975612722974722	1
903577818520530945	1
494025810354114560	1
903582851374952448	0
899264883295997953	1
494025177068367875	0
850352302477201408	0
903578503681122304	1
899372505101631489	1
1070784790926897152	1
1069860579307749381	0
959830172689207296	0
942557700952506368	0
1070724938775060480	1
1070796376303419395	0
959805568960561153	1
903587221596508165	0
1070798132420603904	1
494026658903371780	1
1402024144	0
903583972273389569	0
1069293423453184001	0
850355488957104135	0
494025618439548928	0
1401987502	0
959848133181177857	1
1070794841297207296	1
903583256674791425	0
1764071106	0
942489580170829825	0
942158669193646081	0
942255388048494592	0
1006567072682262528	0
1069450545323106304	0
1070778201180270592	1
1070773160264503296	1
903580298709016576	1
850356854031081472	0
899090947618689024	1
903578459322163200	1
1006567020664688641	0
959840926125342720	0
1714218436	0
942768970112946183	0
1070193455320715264	1
1069931802654060544	0
903584259969089536	0
959839071760781312	0
903574221632270336	0
1397911070	0
850352787774992384	0
959836162050478080	0
1006567041615179777	0
903586449253158912	0
899437146464976898	1
1006567091128995841	0
943186258964156416	1
1070539638962450432	0
959827208780083203	1
943318820642611200	0
494026880295899136	0
942360423340433409	0
1901174909	0
850356374894764033	1
1417554178	0
1390196249	0
903580071314702336	0
959836064218165249	1
942063837167185920	0
898943876240683009	1
1070225109841891328	0
899617804936151040	0
850353045250691072	0
1149499897	0
942826408337989634	0
1631177843	0
494027424234225664	1
1694692802	0
903580680889753600	1
959828795875315713	1
942565743153025024	0
1006567013110689794	0
494024073010102273	0
1070293984721829894	1
850361699672752129	0
1006566978310557696	0
899098775028985856	1
959814971919163392	0
1070824207142019072	1
1006567081352073217	0
1402084046	0
1006567029195857920	0
959847477099810816	1
850352388103966721	0
899371746855452672	1
494022493208719361	0
1006567053829070848	0
899100231958241280	1
1069473066873348096	0
942096078098141184	0
494026086200930304	0
850355953371369474	0
899289723109220352	0
1070709802219769858	1
942106098395439106	0
959818801322881024	1
1070756482659028994	1
1070785616072372235	0
903585247245213696	0
1070348410845163521	1
1408285378	0
1070790747278991360	1
959829445644292097	0
898993859702603776	0
1070701938088599554	0
959823006838206465	1
1070795940578045952	1
1006567113656500224	0
850355034311335938	0
903584708117843968	1
1070795782645780481	0
1336690789	0
494025422666215424	0
898734775845793792	1
1069830685911740416	0
959819052444209152	0
494022951772377089	1
899712465419808772	0
1070796272100098048	1
1392583157	0
1006567040629567489	0
1070717372431036416	0
959841726449029120	1
1070772797419474946	0
899302189050454016	0
959846171006111744	0
903585150646222849	0
899331084567162880	1
1612060376	0
903578760083066880	1
1070739770806956032	0
946130363121897472	1
903583682027438082	0
494027018413953024	0
494027323201822720	0
1070541973252038658	1
1070765055732461568	1
1070793389291921408	1
942786247919132673	0
850357998002339841	0
1006566970098102273	0
1603651314	0
1070940498683150336	1
959834187015512064	0
1070792546220212224	1
942857515510808576	0
903578764168323072	0
1304372613	0
850358501385830401	0
903585423901040640	0
1479430377	0
903583213267943426	0
494020369570086912	1
942439446435323904	0
899253575032942593	1
1304405401	0
899256823420792833	1
943477347470032896	0
903578505174290432	1
959827649211322368	1
850357682536099841	0
903585969642901504	1
850355859989434368	0
1478529094	0
903574892586655744	0
903580086254915589	0
899078579681542144	0
494022268650291200	0
1070795056926388224	1
903578264144359424	1
899657390596825088	0
1006567112058392577	0
1006567092869402627	0
850356298155782144	0
903574832662622208	1
850355005785878529	0
494026729850404864	0
1006567095432335360	0
1006567075081408512	0
1070785200886607874	1
898979105453912064	1
1006567090759725056	0
1354370773	0
899096301283004416	0
494022820360232960	1
898958279073710081	1
899290124902690816	1
1070795565104070661	0
1006567110263402496	0
494022715226214401	1
903585652234702849	0
903574138220142592	0
1006567031859220482	0
850356042391314434	0
850356445874987008	0
903583589484425217	0
899049884111785984	0
959829553735610374	1
959847295817781249	0
1845949447	0
903583933811609600	1
959835033690284034	1
494025964838748160	0
1070529397101395972	1
1006567060955193345	0
1460295578	0
899349997065469955	0
1069250679183675392	0
850356370125848577	0
494027285859926017	0
959834158452396032	0
1070704106837340160	1
1069049998116040704	0
1006567068991414277	0
1006567080139870213	0
1006567101044273152	0
1070545493183291393	0
494022562230571008	0
1006567119465648129	0
1006567090491351040	0
494024628541870080	0
1398754763	0
903578593271222272	1
1731162405	0
942172250005962753	1
903574694187675648	1
850357690366930945	0
494025492715298816	1
1006567025722970112	0
1070725777149386752	1
1070298775917355008	0
1070953558340722688	1
903581776823681028	0
1006567054353354752	0
1070571037945946112	1
850355780394119169	0
494026132103000065	1
959841865444085760	1
959826355537043462	1
942452817444442113	0
1006567013026676736	0
1069513279934844933	1
1070164651890085888	1
494026975858929664	1
1006567082513879041	0
903578194225360896	1
1241435130	0
903580440853958656	1
850352449378553856	0
494025070059466752	1
494023968756887553	1
903582446733680641	0
1070144431293063168	0
850357604891205634	0
959834439571341317	1
903585447229739008	0
494023817883566080	0
850358399875330049	0
942108427253411842	1
959832627388862464	1
903583840010203136	1
1069220071925440512	0
903580549629038592	1
959822397745528833	1
959839090597343233	1
850354056593907713	0
1069188979524685824	1
942811459922391040	0
1070739978588733440	1
1070701951522869248	0
959845056160194561	1
850358275229011969	1
850353478325211136	0
903579974120071168	0
1070703208333537283	1
899120095674454016	0
942133053635383296	0
942084806258647040	0
1068885778535567360	0
942129787132407809	1
850355094000455682	0
959825748398936065	1
942479512759099392	0
1069286883740442624	0
903587163962519553	0
850356804165009408	0
1069456638007025665	0
850355325194600449	0
1070534523668942848	0
1070248449373757440	0
899354193613467649	1
494025121292910592	0
1006567062238613504	0
903581663543910400	1
1396205464	0
903582055790895104	1
1070807207376285698	0
959834342292967424	0
943323090448089089	0
959815034980519937	1
1070717082432614400	1
850356509582163968	0
942818985451520000	0
1070020703540273152	0
899089399803260928	1
1069561583796277248	0
903584586063544321	1
899624749772533760	0
942863677698347008	1
942452154413002752	0
494026744064905216	0
899114795189841922	1
1006566977924665344	0
898998000730517504	0
959843175748853760	0
850356906438873088	0
1070726311377821697	1
903577691701608448	1
903583920901562368	0
1070633306067070977	1
850353642897113090	0
903581114106875904	1
903582533748752386	0
1248542504	0
494023767417700352	0
899088432064057344	0
1351388239	0
494022896583327744	1
942526144666062848	0
1069150133760212993	0
1006567104915664897	0
959804109149917184	1
1603799221	0
850353854516518913	0
850357640253366273	0
1298344715	0
850355119774478336	0
942064165937696770	0
494023612312330240	0
959849624172449793	1
1006567101891350528	0
1070768650209120256	1
1006567118421282818	0
903581519188561920	0
959818105940738049	1
947461601497624577	0
1070709813091450881	1
494025978210189312	0
959826983466295297	1
899730404013461505	0
1069483429878738946	1
1006567120916885504	0
850361270675140609	0
903580890898554882	1
943207701022216198	0
1069950630544973824	0
1006566974216957952	0
1006566984119709698	0
899393060697776128	0
1069624865005531136	0
494026472609562624	1
1070731778292371456	0
903585169394847744	0
850352823413899264	0
899091668833640448	1
1070873215436644352	0
1533157636	0
903586542878380032	1
1006567044958081024	0
1223341339	0
898976689388044288	1
1070193069503406081	1
850355472750317568	0
1070749123853381632	1
899044716930506752	1
898734608858177536	1
850354610736967680	0
1069612604929257472	0
1006566902834089989	0
899429281725591552	1
1242820394	0
850358547619753984	0
959840219070648322	1
850356751224381440	0
899449956125339648	1
1070818939981176832	0
903580856589176832	1
1069057729636040704	1
1349630721	0
903581982323597313	1
942798900083113984	0
959823198832521217	0
959818539472433152	1
494026177275625472	0
1070703790637137925	0
850355532481343488	1
903582305574420480	0
942068768569774080	0
959842679801626624	1
850353709611724801	0
899427455349534720	1
850354195865710592	0
1069931424403214336	0
494022551837097984	0
494026149710680066	1
903586848538288134	0
850353266206441472	0
494024155537612800	0
1248172793	0
494023520167661568	1
959841866547068929	1
494025608414781440	1
899620269416906752	0
959841872209502210	0
959822825786957825	0
959838419647127553	1
494026995769311232	0
942852616182104064	0
942530113534550016	0
899272207720992769	1
942812421046935552	1
1070797193349480448	1
494026219382640640	0
943201184122318849	1
942250429689356288	0
1316717682	0
899318504125583364	0
850356924960919553	0
1880577036	0
903577815152504832	0
1722581490	0
850352871212294145	0
1069981533581139968	1
850354213708337152	0
959848917574676480	1
903577742763073536	1
959841513411956738	1
942107056810668032	1
1006567042298859520	0
1006566961969549312	0
1006567009532948480	0
850352327005548545	1
1247173745	0
494024789174910977	1
899109639828119552	0
1880255543	0
942063839759216640	0
494020890167115776	1
903581226799427585	0
898956911537782785	0
494024941432360960	1
1434748181	0
494025573799559168	1
494024804711018496	0
899304831353057280	0
1069168225223622657	0
850355204335820805	0
959828898631573505	1
898975901722882048	0
942087260509437954	0
959827812667535361	1
1069649508189986818	0
494023820827963392	0
1411969249	0
494026396230893568	0
494024118782554112	1
959825895979708416	1
1070777399325843456	1
903585120057036800	1
1070967388898820097	1
899635492274278401	1
899699189105520641	1
959842014153007104	1
1070508148132200448	0
899063738992660482	0
959834941231054848	1
850355670767607808	0
942409184468971523	1
1070725908791783426	1
959804911985848321	1
1070740095135834112	0
903580636874547200	1
494023449212649472	0
1399304329	0
850353644792893441	0
942122492168204288	0
1069894079905964033	1
494026441135501312	0
903586552386908160	1
959828737691930625	0
1070773944540520448	0
850354897979617280	0
942242685137686528	0
899098187750879232	1
1006567005086863360	0
1070699574145228800	0
1070165490184658944	0
1006567008530509824	0
1006567011839688704	0
903583999934607360	1
850352272961716224	0
1069505766791499776	0
898986607692349441	1
903580041778520064	1
850355134051864577	0
1586095954	0
494022064110465024	1
1772166562	0
1006566960941936640	0
1069933221305970688	1
1006566970311958528	0
903577776170598404	0
494025264775827456	1
1070819148501082112	1
942426074276823041	0
903580371689852928	0
1006567126516289536	0
899692150019022849	1
1384039847	0
899486916004818944	1
850352833891368963	0
494022813364137986	1
899332293797588992	1
1661680734	0
899262183036551170	0
494026336097157121	1
1070928296613998592	1
959847245570105345	1
1392012459	0
494026729657073664	0
850355537682321409	0
898942638929399812	1
1006567122775003138	0
1470678328	0
959841992179109888	0
494022828094525441	0
959823635925143552	1
959825737120333824	1
494023606859751424	0
943475321734606848	0
1694441551	0
850356669238439937	0
1070732981218828290	0
959829792358109185	0
1070741024799043584	1
494022447113723904	0
959848990668935169	1
1220105100	0
1069427419436601344	0
1070699108292268035	0
1006567067200507904	0
959843632177205249	1
850353911080787968	0
942167895622156288	0
959835830368993280	0
1069102956530884608	1
850354200928235521	0
1696373664	0
959804152619634689	1
1070963920905650176	0
959824299610615808	0
1006567024250810369	0
959825662017228800	0
942249104255737856	0
899064357543444480	1
494025837327691777	0
1857784597	0
903579112215900160	0
1069198720640720896	0
1069571090983370752	0
899048892716785665	0
898976869462102016	1
1069870211506102272	0
1434780092	0
898974958440906757	1
898956528480333828	1
1399615800	0
1738528758	0
899364545218719745	1
959829409317507074	0
943387322652995584	1
1070755128712531968	0
494025110190583808	0
1070780734061842433	1
1652721275	0
1248609374	0
494025812338032640	0
959845126255374337	0
850355311844241408	0
1462844187	0
1577097427	0
1070970309916921856	0
899679232703549444	0
898960690815406080	1
1381731097	0
1006567028864450567	0
942886830889766912	0
1070365944302710799	0
494023511498035200	0
1070195729258504192	0
899443698693529601	1
1070950041785917441	1
903583854828642304	0
959830799989211138	0
494025957377060865	1
898740284309225472	1
1315613153	0
1069909902158491650	0
959834380612112389	0
1006567070182592517	0
1648926082	0
959847988205146112	0
903583899443499008	0
899031565807755264	1
959817054273622022	1
1246279452	0
850355966470217728	0
1070732169721626625	1
1070786741416722440	0
1490844985	0
1006567089816195072	0
1070816178006880256	0
903583895643357184	0
1069599238043123712	0
899074216968019968	0
850353806810460160	1
942415549946089472	0
959845995617103872	1
1583308370	0
850356292078247937	0
899337716869058561	1
899126774738542596	1
942450279764643841	0
959827092304261120	0
943319619665825793	0
1069170501837250562	1
959816179371175936	1
494025734525313026	0
850354449788928000	0
942268741315899393	0
942086020341878786	0
850353786111635458	0
494025962062094336	0
1070352856321060864	0
959848257043206144	1
903585443740078080	0
494023526710784000	0
1006566906621505536	0
899333180314066944	1
1069580542029393925	0
942063009362530304	0
942705158907187200	0
494024012927102976	0
959844828967182336	0
850356277981130752	0
1401088454	0
1006567077854040064	0
899102803217580032	1
899064546538553345	1
899302799867039747	0
903582729882796032	1
494020888941965314	1
494025726103130112	0
1663001392	0
899617088796590083	1
899633160606146563	1
1070773485964734464	1
903584989111091201	1
899117704262500352	1
850355536260243456	1
494026660451065856	1
903583048045912068	1
942816941537988608	1
942200271400243200	0
898947451448590336	1
1071052396799909888	1
1070725306414096385	0
942111131921010688	0
1070765999748771841	0
494024380914352128	0
959818464344100864	0
959831841778761729	0
942826861134073856	0
959813751762505728	1
1070751481857433600	0
959831237857808389	0
1070747158356336642	1
1071051959673729025	1
1243960735	0
1006567080915886080	0
1006566967849832448	0
943430725122117632	0
850353775193858049	0
1069120529200627714	0
1071001625123143680	1
1006567075253497856	0
494027171317309440	1
850352859434635264	0
1070757689658085377	1
1070801052759400449	0
1070917995680198661	0
494027203932209152	1
1627081595	0
903586831920455681	1
1006567126063251457	0
850353585464512512	0
1006566903316471809	0
899635812748451841	0
1070722450743271426	0
899387818446733312	0
1006566972128145411	0
1006567087278522368	0
903587236469506048	1
1857065860	0
494022536330772480	0
1006567101438537729	0
903585007981142017	1
959850561536495623	1
1603143209	0
1418621098	0
903582773352558592	1
959813688214654981	1
899257319019687938	0
898953699615178752	0
1006566963513057280	0
899186836853096451	0
1476253941	0
1434739164	0
494023904516931584	0
943232461026324480	0
850355024500850689	0
903583561487454209	1
903581011245543424	1
1068874967008260096	0
943308148139577349	0
1006567099882500096	0
959814176305811457	0
899258634223353856	1
1395100402	0
959835205220667392	1
1006567035218878469	0
1069471831357341696	0
1070714734968737792	1
1722602505	0
1006567073584013313	0
903584335420325888	1
959841690675830785	0
494022948068790272	0
942891984108191745	0
898741391014191105	1
494024876408459264	0
1070749858917728256	0
1069490591883395072	0
1006567072640401408	0
898997027341836289	1
494023853643808773	0
903587308649238529	0
899097163627679744	1
942820794786336769	0
959846950714605570	0
1069179885917073408	1
903578465487683600	1
1220071251	0
942659005666807809	0
1006567058274955264	0
1720221544	0
959815477575942145	0
1246912351	1
1006566962799902725	0
898947880274190336	1
903584982559547392	0
1006566910090207232	0
903580122296483840	0
903582585984450560	0
1069800429112807424	0
903587373337993217	1
494023606674804737	1
959846395258826752	0
1006567033075625985	0
959829069142609920	1
942786953186967552	0
959818533457739777	1
850354574737199106	0
1006566981036904448	0
494022964028129280	0
942471991084204034	0
1006567036854599680	0
494022450795905026	1
943332554542903296	0
1006567124217843712	0
899087300721876996	0
1070716795454074886	0
1006567078701215744	0
494023842307006464	0
1070940973344141312	0
1006567093284659200	0
1069851396848009216	1
1070815261924700160	0
899089765362003968	0
1006566965698326529	0
959844581432053760	1
1070807680799903744	0
903581205341376512	1
899106942362243072	1
1070964064921313280	1
1070798259013193728	0
1901280434	0
942415823217545216	0
959848708593672192	1
1342727653	0
1903768260	0
1069849545285226503	0
494026676410404865	0
1006566961940254720	0
899101998007672832	1
850355263500689408	0
1694688648	0
1006567069956083712	0
494026215515488256	0
494022058540412928	0
1400354083	1
942439422703931392	0
1230651200	0
1070856699119046662	1
1070697872453181440	0
494024800046567424	0
959828855128317952	1
494024991835709440	1
1069552487630221312	0
494023046374895616	1
1006566971532439552	0
850355418434031616	0
1340336688	0
899104200717737984	0
959825327450079232	1
850361632417079296	1
850354493816532993	0
1104556075	0
942469892468457472	0
1069835301973946368	1
1006567108413620226	0
1763964899	1
850354141318848512	1
1069832125183156224	1
1070718473247039489	1
1705189178	0
1110778330	1
959818624193228800	1
1069504776369397760	1
494027488465788928	1
943167141372743682	0
494025480988028928	0
1354935553	0
1069818948621910016	1
494023709921792000	0
1006567058442768384	0
903582225995837440	0
1249701239	0
850357808482705408	0
903584116314181632	1
1070699716315414534	1
942464865985335296	0
942847882910191618	0
1069850759674482688	0
899096830499319808	1
1628694779	0
494024228162002946	1
942633971958951937	1
1006566974682525696	0
942633065809108992	0
1006567012733259778	0
959837181148835840	1
1069143797089619968	1
1006567122745675776	0
1006567076973010944	0
959840436104900610	0
1353674628	0
494024758573662208	1
942100478174822400	0
1006567078755799047	0
1070929970262917120	1
850358509065699332	0
959815241042415616	0
899406749295403011	1
903581306226925568	0
494026655007260672	0
1070828031143542784	0
494026322243354627	1
942144572179734528	0
1006567071851925506	0
1104557021	0
899260195695722498	1
1006567092345344000	0
1069919022630588417	1
850353476609748993	0
959836303444598784	1
494025484699992064	1
903582765710540800	0
903586299721998337	1
1006567007507111936	0
1070727151152971779	1
1070925985971867648	0
959836961660899328	1
494022303303626752	0
1070787094879059969	1
903580974860181504	0
1070954121728049152	0
1070831453603278848	0
1006566972522283008	0
943319038662467586	0
899294677765169154	1
494020719173718017	0
1069851241407266816	0
1439072304	0
494024993370808320	1
942146232851615744	0
1069906408483762176	1
959836708463407104	0
942096153188769792	0
1541425535	0
1006567066625814528	0
1070707254926737408	0
942217402674241537	0
959817541768986624	1
850353969708838912	0
959848865955491840	1
899435769974140933	1
494023914612224001	1
494023474974044160	0
1006566960870633473	0
850357853600841728	0
942092548910256129	0
1006567059281543168	0
1248583193	0
494020388695728129	1
850354357996580865	0
1738076238	0
850358626388672512	0
1788513918	0
1369950063	0
1006567111043543040	0
1070798286074724352	0
1071019098535010305	0
1070185189542776839	1
899276880855146497	1
850357719492067328	1
899298077458276353	0
943321277892321281	0
1573727102	0
850355193006960640	1
1070732861697916928	0
1069939385255297024	0
959828739461873664	0
1070815100246872065	0
850354874487275520	0
1068863948881981441	1
959830632074502144	0
942411955284922368	0
1464276321	0
942441922987147265	0
1006567048259031041	0
899271643595505665	1
850353533564190720	0
959839962186371072	0
942123082495483904	1
1069573219672240128	0
899425632215588864	1
903585434227408896	0
1070724634654490624	0
959837814987919360	1
494027281372024832	0
1070964495525261312	1
899198816695586817	0
494026015652724736	0
903583489630625797	0
494026169725878273	1
959842215328657408	1
494024953738854400	0
494025811599446017	1
942815532398587904	1
903577998187749376	1
943320559244455936	0
1070712825432158209	0
903578301847019520	1
494027063117221890	1
1475755933	0
903579022474530816	1
494023725994348544	1
903584400490852352	1
1006567093180010497	0
1070223555428843520	0
942441321582792705	0
903587381076426758	0
1006567114411397120	0
1006567037186002945	0
1068863492260749312	1
898948804665159681	0
959832550779781121	0
1069844829901864961	0
1718431132	0
899240446219755520	0
1069259419471380480	0
850356009109467136	0
494023279645323264	1
1006567123223752705	0
903580896602853377	1
959831345731198976	1
1393675428	0
1006567078114054149	0
1859678085	0
899254258708733952	1
899272830159867906	1
1006567048837820421	0
959840377518936064	1
494021974428254208	1
1006567031636987909	0
903583559591624706	1
1006567120912740352	0
1070806629950636034	0
1070967702565609472	1
494027221317611520	1
1242346838	0
1070191155210543104	0
1069841927363878913	0
959827151796297730	1
942522294013972486	0
1070789627974377472	0
899006565738569728	1
899717605077995520	0
494020315744591873	1
1401111111	0
850354436887244804	0
1006567122783350787	0
903584491855368193	0
1407535647	0
1006567112452685824	0
1070724578081689606	0
1871537585	0
959850342887444482	1
850356870468521986	0
1583062842	0
899100757546455040	1
959849762844372993	1
899062611894915072	1
903580793167110145	1
1069818731042365440	0
1069926701843533824	0
903583161929555968	1
850361669381390336	0
850361647373922304	0
494026428174696448	1
494022484585639938	1
899101181762580481	1
959841553694027777	1
899306810082983936	1
1006567102101245952	0
1070530838570225665	0
850358634458624001	0
1006567124519866369	0
1070719916800700417	1
1070708982183067648	1
942803998821711872	0
959815961296736256	1
1070770331567177729	1
1301589038	0
1070929164742606848	0
1070709471230521349	1
903584940121624576	0
942891945801801728	0
903582815882813440	0
899424126779129856	1
1909791704	0
1494642373	0
942093272683569153	1
903578914005688320	1
942134541757579264	0
942138396100648960	0
850356914735255552	0
1070702662780370944	0
1401274484	0
1464086679	0
494020562260226050	1
494024033701093376	1
959832882800877568	0
959837371842772992	0
903585313397858304	0
903581480286388225	0
1437402622	0
850353852566188032	0
899669984028131330	0
1070740404272693249	1
850356893398835200	0
1248622269	0
1070726071337644032	0
494024988224024579	1
494023767723868160	0
1006567105624399872	0
1006567035441049601	0
899089671992561665	0
946758755198406657	0
959850579542540288	1
1071019479889399808	0
494024753486000128	1
1399014363	0
903580934934593537	0
494027597496328193	0
959835246677049345	1
943176022043832320	0
959847444719816705	0
942811635298848768	0
850358480435367936	0
850356477386792961	0
899028837534707713	0
1069215769408397312	0
903583557980848128	1
898735964062978053	1
903577711280615424	1
1718336969	0
899427721436168192	0
1070739145880993793	0
899006145922248704	1
1006567084958990337	0
1401318010	0
959834824977547264	1
1069287750136971266	0
899116173001977856	1
850356879377256449	0
899334013575475201	1
1069899707210620928	0
1228453153	0
1006566981753962502	0
1070815574190637065	1
1070714800966168583	1
1070745072998596608	1
959838974121598976	1
494026118979420160	1
494027004757671936	1
1006567073189974017	0
850357996827930624	0
1408192077	0
494026444515733504	1
1006566968839823360	0
494025294056292352	0
850358082290855937	0
1069585547859976192	0
1069141168678756352	0
899098172630470656	1
850352286689787904	0
942160345711423489	1
959832305140424709	0
1070822263799336960	0
1071023630253985792	1
1070750999806013440	0
903586011183185921	1
899376488704823296	1
850358085487144960	0
903580319454027782	0
1222359497	0
494022113138069504	0
903582177585180672	0
898732385335861248	1
1006566905279283200	1
1126343349	1
1070952829722996736	1
942438717389602816	0
903578627350044673	1
1224173160	0
1069107777543512067	1
903585893109428224	1
959837875599749120	1
850357774081019906	0
959845746978775041	0
1398973080	0
850353112846139392	0
903574231245623296	0
494025328717619201	1
942526360014143488	0
1069947058210058241	0
942116012207628290	0
1603929736	0
1070795047275237376	1
850358501981507586	0
959834775749058561	0
1612558575	0
1006567039664820225	0
494023512776908802	1
959837034054586368	1
494025299395612674	0
942800775276666880	0
850358431508836357	0
1450932662	0
1069512979471720448	1
1006567011265097729	0
942192656754593792	0
942441714551312384	0
494022398661128192	0
494026788340002816	0
494024549638631425	0
1071062790608248832	1
494022404373348352	1
903587271680643072	0
494027083878637568	0
1006566964884582401	0
942318847775952897	0
1413571827	0
903583749778149376	1
1006566907196137473	0
942556891867213824	0
1069421476288192513	0
903574779596288000	1
1069450895157383168	1
1070785827137966081	1
494020331548721152	1
959831432309936130	1
494025420548079616	1
1006566979082375170	0
942713075890819072	0
850354615182929920	0
1006566962451943424	0
903574737053515777	0
850357636038053889	0
1070778227361239040	1
898946037204885504	0
1006566985633656832	0
1070706652620484609	1
1516912388	0
1006567039002140672	0
943305781092519938	0
959839911045197825	0
850353249471406082	0
494022075733262336	0
903584939689611264	0
1006567122322051076	0
1443972236	0
494022333502603265	0
1069831798492880896	0
903578850487128064	1
1583056474	0
903585872477638656	1
899186513442873346	0
1070769949432528896	1
494025193913090048	0
850352777020755968	0
1357987890	0
898978377364897792	1
959847541373272064	1
494026722241957889	0
942855743434383365	0
899302468294774784	0
942536829848424456	0
494024930833735680	1
1070122292749918209	0
903585028160069632	1
959828327157698563	1
903585315729924100	0
1070571862449631233	0
1006567014377426944	0
1386855949	0
850358032458534915	0
1070742558664462336	0
942084014038450177	0
959829265679245312	1
1227736295	0
850355063382003713	0
850354351004684289	0
959838389498515456	0
1006567032022798336	0
1006566972346204160	0
899485856578318336	1
942112149161299969	0
850352507683573760	0
959814348075094016	1
943308549249257472	0
899463834829803524	0
899242588322103296	0
1070717263223889920	1
898946113381613568	0
959825596690980865	1
899621857892196353	1
1006567107608313856	0
1071023635220054016	1
903578223820369920	1
959834643066445824	1
494025281179373568	0
494024427794092032	0
1070307531560497152	0
850355727348662272	0
903585772414132224	1
850358362474729472	0
899099234473041920	1
850355325018550274	0
1070785005104836611	1
494026182892208128	1
494024877041803264	0
959822431211999232	0
1859736577	0
1707879616	0
942865836821250048	0
959849025976532993	1
1070733106552942593	1
1006567042168840192	0
1006567009901953025	0
494024471796146176	1
899145807286464512	1
494022791000514560	1
903580650585948160	1
959844872869081095	1
850354305794056192	0
1070955586601304064	0
942880132175298560	0
1070172121651769344	0
942066524923285504	0
1069860354988101633	1
850352583889879042	0
1006567038440165376	0
942349039592509441	0
942775643023998977	0
1070523907097194497	1
1335721334	0
1006566980571156480	0
1070733357569400832	0
903583133068656640	0
1069974259563417600	1
959849106704338944	1
850356303193149440	0
903582414047457281	1
903587267159183361	0
494020736139268096	1
959822903922647041	0
899433028270686209	1
903586966670893056	1
1006567013706321920	0
903586782834503680	0
850353205766742017	0
903583860394532865	0
959805449905127425	1
1006567126386163712	0
850356503676628993	1
850354100898340867	0
1006567050079363072	0
1071022764646125568	1
850353323421159424	0
494026650410299392	1
494026675038875648	1
943312794291666947	0
494025920907210754	0
850354173619183616	0
1006567083029749760	0
959840327510175744	0
899044370439180288	1
942876646209712128	0
850355163235835904	0
850356078323933185	0
850355393691873280	0
494027166934663168	1
1068881492284194816	1
959804031085539330	1
959844286865997824	1
942757910656045056	0
959817950046949376	1
959833888909676550	0
899109280078548992	1
898995436220035073	0
850355573900161024	0
850352286375321601	0
942098587697188864	0
1006567023806222336	0
1006567095075684352	0
942104882823254023	0
850358322557587456	1
943243666562445314	0
1069796381949194240	1
1070183571921559553	1
959830415216390146	1
899100184415744001	1
1070300133919768576	0
850355505814016000	0
1069839589420879872	1
494026504620482560	0
1070763325070413825	1
494025768960135169	1
1738865072	0
850352322974711809	0
959836164852248576	1
1069837797182197760	1
959832619566489600	1
850356590771351552	0
942119608928096263	0
1069131099689951232	1
942414848868065282	0
494027269992902656	1
903581837074857985	0
1006567044106608640	0
942237555227004930	0
1070751482302119936	0
1006567024183541760	0
1099404026	0
1717221765	0
903585158137339904	1
899008524344217600	1
850352557386018816	0
1006567089371537408	0
1070527669798928384	1
942772753421258752	0
1069916492471255040	1
942144876631805955	1
850355112929374208	0
899031930838147072	0
1069507657239715840	0
899620289226657798	1
1069087470162186241	1
1223745477	0
1593912867	0
959828366798016514	1
494024157630586881	0
1068876017958363136	0
899700497497563137	1
1233814649	0
1006567024879947776	0
1006567034610704384	0
899357828707745792	0
850353975308242945	0
1248592159	0
1070781316860444672	1
959834573914943490	1
899721905384689664	1
850354593586450433	0
494022627154198528	1
850355223751163904	0
1070730432084365314	1
959838733041393664	0
1006567039992057856	0
959837676152279042	1
850354550418681858	1
494026435007246336	1
899505960598646785	0
942105046010990592	0
899207004916510721	0
899105508535095296	0
1248608154	0
942145739450335232	0
1068884582194278407	1
1006567114751315968	0
1006566981166911488	0
850352387684519936	0
1070784997588635648	0
903586942037712896	1
942180858231951360	0
850357239101755392	0
1910927432	0
1006567105817276417	0
494022927797743616	0
942795361252409345	0
850355077936271361	0
959825318096883713	0
494024529828929536	0
942586008763330561	0
1070833712298770432	1
899046780016496640	0
1006567033411129345	0
959834991847931905	0
1350963094	0
1071018294218448898	1
1337221546	0
1381089086	0
899247866337787906	0
1070174072850403328	1
1006566980621668352	0
898967118275858433	0
850355941320962048	0
494024647063527426	0
1006567016336101376	0
494025465527799808	1
850353123461914624	0
959849787817414657	1
1069564047031447553	1
942798701940031494	0
942392295118184449	1
942199492987715584	0
850358248997871616	0
850354595612295168	0
959836073844191233	0
1070250510693883905	1
899425443455139840	1
959826417600094208	1
494027098605256704	1
942484759401426945	1
959845342052220928	1
942778478029672448	0
1069461189502095360	0
1006566969074565120	0
1006567092085194754	0
850352451324715008	0
850353245788790784	0
1069126370653917191	0
1705181817	0
850357805878038528	1
903574060612902912	1
942852739016675329	0
899374902146478080	0
1741261989	0
898987446511128576	0
1069533047144439809	0
898707040679321600	0
850352421033455616	0
959833245075623936	0
1434970644	0
903586240213241856	1
899606193542504449	0
494027011346546688	1
1629291756	0
1070524868565852161	0
1069542755204968448	1
899453017820364805	1
850352760176377858	0
1069161841287405569	1
1070775269353549835	0
903581813544820736	0
1006567005820944384	0
903578012041535490	1
903578584354304002	1
959826173726543873	1
1006567106886938624	0
1748809907	0
899706938778320897	1
1006566899541598210	0
942379317677477888	0
850356360575242240	0
903583144208674816	0
903584228348219392	0
850356158607089664	0
1069471102244610049	0
1316872650	0
1006567012636811264	0
494023570301796353	1
903582054335565824	1
898727718652702720	1
494022300736692224	1
850353898044960768	0
1070787795948584961	1
903584442421215233	0
1070493093848207360	1
899396393864974336	0
1381906732	0
1541478907	0
899156724774469632	1
1069265499085787138	0
903580655623315456	1
959814147717369858	1
1070866571222872065	1
1069607247234260992	0
1463591046	0
1070975672649244672	0
903582453020884993	0
850352449634402306	0
494026798746066945	1
942459346591649794	0
903581512859299840	1
1911278746	0
850353222426533888	0
494025314260242432	0
903582070450081792	0
1726845271	0
899097433866735621	1
850352661656457217	0
850356204849311745	0
1301088969	0
1223154508	0
1070778871501381633	0
1006567033016864769	0
898681292643909632	0
1006566964565872640	0
1006567071084367873	0
494026936352768000	0
494026207017852929	0
1070734594406866945	1
903578484034985984	0
899296841866653697	1
1006567048883908608	0
959843776914247681	1
903585449159139333	0
903578943487442944	0
494023850351685634	0
1069120930482282496	1
1006567061475221504	0
1070959559248932864	0
1069914347097473024	1
1070803613478461441	0
1070911633533427712	1
1069828375093698560	0
1069097401187676160	1
959842928813260800	1
1006567080014024707	0
1006566901215059969	0
1006566977639538688	0
1069562021060984832	1
850352749220954112	0
959826799692828673	0
1006567022690537473	0
1069749424023367680	0
942189808939618304	0
1583055050	0
850354026214559744	0
903577769065492484	1
903578628142891008	0
1006567076826361858	0
903583736163438592	0
1070702572456108033	0
1070997199167737856	1
1715424002	0
1070856308784594949	1
1069658061000728576	0
903584692049469444	0
1006567054089117697	0
899259570887028737	1
1069493229056212993	0
1070959999944482817	0
903583488410083328	1
959828130511900673	1
1069988002452037633	1
850353439607476224	0
903586145749147648	1
898991808243539972	0
494024056023572480	0
1070742982834286592	1
899316492482863104	1
1069639766377971712	0
1006567013395804160	0
494025985227243520	0
903586184500301824	0
903585719540740096	0
1911225520	1
1069110607050358784	1
1006567085949022208	0
1006567075354066944	0
1070939130102718465	1
1070701143146278912	0
494022825963835393	1
850352828996624384	0
1589219865	0
942465222127816704	0
943318230571118592	1
1069835013179478017	1
959815887992840192	0
1226530504	0
850353570331467777	0
1398298709	0
943238103346671616	0
903578895814930432	0
494023766809137157	1
942889746023424001	1
1006567035202138114	0
1439682552	0
850357066120167424	0
850356336005173248	0
942414219814866944	0
899308086351077381	1
959804126241722369	0
1070867913114939392	1
850354157450129408	0
899149253163069440	0
899569814448078848	1
899382868799107073	0
850354802395578368	0
494026938819039232	1
1249083576	0
1006567101975355393	0
903581204905164805	1
942091959803375616	0
1070439903060668416	0
1069102507153084417	0
898962810784235520	0
898699290314493952	1
899102648078565376	1
899158648915505152	0
850353183918616576	0
850354816660492290	0
903582276847632386	0
959816561249869824	0
1220168362	0
959826121083666432	1
1070751042260877314	0
903587292362801152	1
1069118654514647046	0
959827429152915458	1
1070779957893259264	0
850357662332186624	1
1006567105477726208	0
946171423483195395	0
899032104431828993	1
1069560922316763136	1
850356321698414592	0
494024276589420544	1
899650427477676032	0
899246804776169472	1
1006567032039432193	0
942099610499239938	0
850353941376380928	0
942123365879427072	0
899621525502013440	0
899288904972500992	0
1071063031310888961	1
899615151300763648	0
1069500364754481153	1
903585361175216130	0
1315203448	0
1069513947059912705	1
959826284527411201	1
494025582074544128	1
1398988910	0
1006567108891873280	0
494024269571956736	1
948617405156114432	0
1070729076615319557	1
494023021724971008	1
959814896975101955	1
942780242631860224	1
903578652222291969	0
899052899849732096	0
1069970571281293312	0
1069527916139044864	1
899233223913472001	0
1070754787757502466	1
959826202625282053	0
494023011465715712	0
899255381834186752	1
959843945906761730	1
943312366585942016	0
959827455535140864	0
494020419456729089	0
1070747632086089728	1
903583739082657793	1
850354995417538561	0
899464873792372738	1
1069836741970817025	1
1071063592143896576	1
1400373665	0
494023507429572608	1
850352337684135937	0
1068936560396128262	0
850353411363090432	0
899608158603292673	1
1071023654186688512	1
1006567121898430464	0
959849630199697408	1
494024185425825792	0
1006566901663830017	0
1731831884	0
1597479364	0
942684478354292736	1
899620887464480770	1
494022477916286976	0
494023273911296000	0
903587031644766209	1
1070834288604659712	0
959841434999410690	0
959823000941015040	0
850358516632125440	0
899609999277780993	0
1006567060099350528	0
494026320503140355	0
1070776176107491328	1
1305090632	0
850358815845486593	0
850354058770644992	0
1069918117831237632	0
942537493781544960	1
1070719264506695681	0
903580651059863552	1
1635858561	0
1069627403528491011	0
850355895582302208	0
899091979656716289	0
1302811278	0
1069985331762458624	0
1726785688	0
942230604195815424	1
942087306315550725	0
1068931742894092288	0
1247224633	0
1070630863195402240	0
899043545222393857	0
942890389056339968	0
1069543837427732480	1
1069150337926336513	0
1006567088117477376	0
1418140464	0
1069730102643064832	1
850353957700501505	0
494025903790620673	0
850355860094296064	1
1754594296	0
1706741864	0
1070920532936351744	0
959846700595777537	0
1069103230595010565	1
942598280499699712	0
1069165608523218945	0
903582436050833408	0
1070029187329613824	0
1070722080566521856	0
1070750488029745152	1
494020467926528000	1
850355616900165632	0
1069792661278621696	0
1338814976	0
942787071177093125	0
1006567013869748225	0
850356437104644099	0
494024481795346432	1
1108665373	0
494023323970306048	0
494023473761878016	0
1069974157012557824	1
899063758126891008	1
1069093490292752385	0
1369858071	0
1069642701241491458	0
1069181280070320129	0
959845423207694336	1
1070727658512601089	1
1069955115975671808	0
1565351685	0
1006567042017722368	0
850353224376877056	0
1070738702484279296	0
1069547131533283330	1
494025838799507456	0
903574662277423105	0
1070770825085837312	1
942088388244631552	1
959825771073241094	1
959829927351799808	1
850355324829741062	1
959818138199166978	1
1069922784225185792	0
959823069324939264	0
959837774995251200	0
959822941989957634	1
1006566965224312833	0
903578425465610240	0
959815146897108992	1
959804199121846273	0
1603114334	0
1070706175107166209	1
1070715112321941506	0
1006567067720536064	0
1006566964091744257	1
1006567016847863813	0
1006567007985307649	0
959837852879261696	1
850354852559507456	0
942182901050777600	0
850354172796993537	0
1219672467	0
1069503202897223680	0
1070544823327830016	0
1069143113229320192	0
494026677337337858	1
1070375238523858944	0
1006567040583421953	0
1006567091456167936	0
1697994576	0
850358110925488128	0
1070528398144036865	0
903586815155822593	0
1250164931	0
899189008026284033	0
1069918555846664193	0
1006567076008529926	0
903584613884456961	0
942062222167207936	0
850357701012070401	0
898978851019206657	1
942591467427631104	0
1006567033473990657	0
1006567124905742336	0
942219380976439296	0
1069635734154485761	0
1006567006383104001	0
898976162835070976	0
494025882101891074	0
903581065796866048	0
899342975653883905	1
1716093068	0
1070947268377759745	1
1006567117171429381	0
1006566978562256897	0
1006567084988551169	0
1070168991602139136	1
1006567125362802688	0
959850430640500736	0
1006567040860213255	0
1069483976362930176	1
494026087920570368	1
494027072135000064	0
903583081935892480	1
959829244137353216	1
1463296951	0
1349548112	0
1850267162	0
903586448774975488	1
1069108230578683904	0
1069524210089889792	0
494027283632758784	0
899624965296852992	1
494023490102906880	0
947259780686602240	0
1404150269	0
1070749717443829760	1
903584875831283714	1
850354979890229252	0
1070714262849507329	1
942067041300725761	0
494025553167388674	0
494025247402643457	1
1403341390	0
1070724845107929089	1
850353651667263491	0
959814995692331008	0
494025854755041281	0
959842348187471873	0
899371678161088512	1
959823826858242049	0
1592759834	0
1069809332420730880	1
1006566900351062017	0
1070785717167640576	1
959842002052501505	0
1349788364	0
942881162728431616	0
1006567031645368320	0
1871690251	0
1583517521	0
1594793242	0
1006567111479758849	0
899264504382595072	1
959834719344054272	0
899331762656030720	1
1006567031209103361	0
1070958686045122560	1
903587406514933760	0
850357653972889600	1
959831890902568960	0
1070729857359843329	1
1069285909877600256	0
1006566966138736641	0
850354646585683968	0
899400934698176512	0
947142769302220802	0
942109594460942336	0
1070747257652305925	0
903586175063121921	0
1006567048183500800	0
942431095831670784	1
1006567040268808192	0
1006567094534619137	0
1401784866	1
903581079415730177	1
1006566900392964096	0
959827125414121474	0
1530698041	0
959834116744273922	0
903577729370644482	0
1069885388255305728	0
899257731634393088	1
850355722042912768	0
959827770221170688	0
1070313601645207552	0
959818221540003840	1
850355609958526976	1
959823012856987648	1
959843665190539265	0
494027392072286208	0
903586757932851200	1
942756607536058370	0
903582693606207489	0
850354239079624704	0
850353477586886656	0
903586615624269824	1
899257185800265729	1
1567475138	0
899663824642609152	1
903584518606647296	1
943318581017751552	1
903574133237321728	0
959826260619943936	1
850352967349882880	0
903580532688158720	1
903582199185895429	1
850356509129224192	0
943317343551283200	0
959838221323685888	0
942409163275161601	0
942493044821188615	0
898978905197084672	1
942783694569463808	0
942784893133774848	0
494026188265099264	1
903587130374594560	1
1069477970476261376	1
943320510338871300	0
850358533048676352	0
1006567121046958082	0
1393632887	0
1705219824	0
1237651639	0
1070832259089874944	1
850356630164209664	0
1006567090386604033	0
942139635307810816	0
903582173479010304	1
